{"9JoiQYy7FRzttIo/90qVLg==":"foto-2000x1333.jpeg","SSQ9Rzo/WIYAVofgSqoybg==":"foto-1-2000x1333.jpeg","8XzMvEYzvFPTacYmluVsWw==":"icono-88x88.jpg","1QLkBYtrUm9mqt6owYB3XA==":"2-695x869.png","nd5EUeZiGwaCwRWPhIb3Xg==":"1-695x869.png","ZQwOrBEd39WPwfS1FHCo8g==":"3-695x869.png","ia8oWkInxvn9dBHR3jWJDg==":"reuni%C3%B3n%20de%20mujeres-695x869.png","DthdplgJzVdQS9bdTf8e1w==":"reuni%C3%B3n%20de%20hombres-695x869.png","gOav5z2rV8neL6yO4nZh9Q==":"reuni%C3%B3n%20de%20pareja(1)-695x869.png","y23hW5+q2DhhLUiKCHeLmg==":"reuni%C3%B3n%20de%20pareja(1)-695x869.png","9mLU2Jvij8NoChnR1lLrdg==":"reuni%C3%B3n%20de%20pareja(1)-695x869.png","+0cTSmh1Ipn5KdgaT40Nkw==":"reuni%C3%B3n%20de%20pareja(1)-695x869.png","qXRiBX0G02OK+BGPQoeJfg==":"reuni%C3%B3n%20de%20pareja(1)-695x869.png","Vb7GgbMoe0curpGYBParsg==":"background3.jpg","GW95s7TssrCcuHEPxDudOA==":"intercesion-695x695.png","ITl9POttBZNfJoTpWi82nw==":"estudio%20palabra-695x695.png","8an7b3HF+PN+DZVHRcy8hQ==":"esc%20biblica%20ad-695x695.png","zBpw6hKPNiLXjw1WWIwAHw==":"foto-1900x1267.jpg","RSgP3IW0/u89WvowX4ZAlw==":"1.png","VMz7ImvIE/3lMTwcCInujQ==":"1-1.png","qLJtbTgQhfwAaw4HweuIcA==":"1-280x164.png","pPMavulnRuRXDCzvB760Lg==":"1-1-280x164.png","oRykAiO0rUD++7AmPeEwUg==":"background1.jpg","TQk3d7fD6IoXiYC16lG41A==":"01-702x367.jpg","E1kYAhpv6G+0YETOqN/u6A==":"background6.jpeg","Yn+s9Z+cWxWrFwa47o8slA==":"91443453426-702x366.png","hLQYyVXZgoK+6sMA4ZlJMA==":"12-702x367.png","BC4O2sdp1TdaFLwSMnsf4g==":"12-1076x563.png","E+144gf6QcNzxEY19vJVaQ==":"00-1080x1080.jpg","8pW3jL1N98BZGg7uLJ50/A==":"000-1080x1080.jpeg","S0QUgu9l20DRfZi9Pf2oww==":"00-1080x1080.jpeg","a6dWnXYOgLnkqgULE9oB4g==":"000-1077x1077.jpeg","ACHI7o2g8eheSfQFJd9wMg==":"2-1366x768.png","ZKogmzN7T2xWqlHaka5sTQ==":"3-695x695.jpg","4pkOv5eF/f+Avu+MNjPDaw==":"3-695x695.jpeg","iAg3M2k7tEQVDyGnWz8u1w==":"2-695x695.jpeg","nDQaSrJSbFQdFVKJ1BiCMA==":"7-695x695.jpeg","727FZitqYexE9oOfHgEalg==":"8-695x695.jpg","NT6wLEed72ntN0/AtVienA==":"8-695x695.jpeg","3Lz4Qz6KtmESo0c9mtOkTA==":"8-1-695x695.jpeg","0BtFeh7ydsc1uqLDot8dYQ==":"5-695x695.jpeg","mz4xz6d0QhsgN1DG8Gt1Vg==":"6-695x695.jpeg","rTMxG5YkCunuXzMzVGzaDA==":"foto-1900x1267.jpeg","N0QBYwftsgcwbOzfgruFww==":"4-1080x1080.jpg","0KsyXeb+skNvsStx3MSiJQ==":"4-1080x1080.jpeg","ZP4bdZdbRWuAex6CIOO6/Q==":"img-20231025-wa0010-695x695.jpeg","gHqP8MYBPtBrFrF8ZhHpFw==":"img-20231025-wa0010-1-695x695.jpeg","VUpXsFMDYvRn/z6fsnnA2g==":"img-20231020-wa0003-695x695.jpeg","8BC1AzicfJQ+Dn31nF6yMA==":"img-20231020-wa0003-1-695x695.jpeg","SQmN8Jq7FHszjsGjl8PpTA==":"bienvenida-1080x608.png","AfjNXuZAnGEmMIjllo7CrQ==":"primer%20foto-1080x608.png","5SCemMNM02EknHcAVK8Cnw==":"adoracion-2000x1500.jpg","l0ITGrzduhrLpFnNjP95JQ==":"unnamed-1080x608.png","M077Mi9Hxke39lU83KffVQ==":"unnamed-696x696.png","xBY9aWo+lq5t6Hk4CgSvFw==":"unnamed-1-696x696.png"}