{"file:///C:/Users/maxba/Downloads/iglesia":{"assets/images/hashes.json":"Zvm17FUoz9sunjjgQuz52A==","assets/images/icono-88x88.webp":"vJhaUwD9ZunmWhvVt+7NvA==","assets/images/8-1-695x695.webp":"EM8EGbp6J7REYcjjve1bXA==","assets/images/5-695x695.webp":"ernRpJ+Yxm4pmb87TcriVQ==","assets/images/3-695x869.webp":"o53tXb7XhdeqvcHqVqaaPA==","assets/images/unnamed-1-696x696.webp":"2IofVy7x3x77ETs433Uh1Q==","assets/images/unnamed-696x696.webp":"+CAYloYblVF06wsm5y8UYQ==","assets/images/img-20231020-wa0003-1-695x695.webp":"RZ0hWxGvjpqVKL13agGeHQ==","assets/images/3-695x695.webp":"ek0GtvWRh22XiPx3thyESg==","assets/images/2-695x695.webp":"cwPsYHvC0+dnvAIQJFaPEA==","assets/images/7-695x695.webp":"/K5qjCXFGXkLqu4gJvsmXg==","assets/images/12-1076x563.webp":"Vni7a4GvrnEB0lZGaU4wBg==","assets/images/bienvenida-1080x608.webp":"FztLzOEX7f8Dnk2CYCQ+NQ==","assets/images/unnamed-1080x608.webp":"IEdMSI2WXLFVu89e0fzd2A==","assets/images/adoracion-2000x1500.webp":"4odUhp8GopMK7q53+OCvKA==","assets/web/assets/cookies-alert-plugin/cookies-alert-core.js":"Cv7piliGuFP6nqD4bPISSg==","assets/web/assets/cookies-alert-plugin/cookies-alert-script.js":"NCp/d5WwFLgvBEKzbors/A==","assets/web/assets/gdpr-plugin/gdpr-styles.css":"Q2M06aDX0w6H1VVhUBSUCg==","assets/bootstrap/css/bootstrap.min.css":"qGiBfMEZYUPQ8GJUeqipZw==","assets/bootstrap/css/bootstrap-grid.min.css":"4bnuDDTauYpkcZNhkYKtrg==","assets/bootstrap/css/bootstrap-reboot.min.css":"/iLrQLzPIC+HbKPQfUweBg==","assets/bootstrap/js/bootstrap.bundle.min.js":"4jB/FPBUKrTUyehEkinqIg==","assets/animatecss/animate.css":"fjruI/nrd0HOAeWn5UICJQ==","assets/smoothscroll/smooth-scroll.js":"I6Cnt5FZXvE7AwxKBjLHIw==","assets/theme/css/style.css":"zwvoPTBYU/IAfgCqrVEA6Q==-VITbTf54ezV7Z7I/e4lZVw==","assets/ytplayer/index.js":"mFY4BIBrp1+/1GbYKiwChg==","assets/dropdown/css/style.css":"Vb8nb3PvfIj5jIp56aQkiA==","assets/dropdown/js/navbar-dropdown.js":"eR+jFVL8KABJEAcdSC/rjQ==","assets/playervimeo/vimeo_player.js":"voT9mpohXjYeE/9fiCrk6w==","assets/web/assets/mobirise-icons2/mobirise2.css":"+RO7OxVtE1FsD/N7V3/ADw==","assets/web/assets/mobirise-icons2/mobirise2.eot":"B2EjryGRojlTpzr1GHt3LQ==","assets/web/assets/mobirise-icons2/mobirise2.svg":"usCYAy7QdzckfeGReb9wWQ==","assets/web/assets/mobirise-icons2/mobirise2.ttf":"VMdAr7YYQ2ab9KiUyabAGA==","assets/web/assets/mobirise-icons2/mobirise2.woff":"xY3InaTfYGp0nlCuQBMudQ==","assets/socicon/css/styles.css":"yjHs7tV2SewoW36KZ0bi9w==","assets/socicon/fonts/socicon.eot":"MvYQV8XxgngrhGqjN3oHBw==","assets/socicon/fonts/socicon.svg":"U1iRKoyNjKeR+mUJr3QbXg==","assets/socicon/fonts/socicon.ttf":"IyAo3XNB2a/Q0ml3ZraPsQ==","assets/socicon/fonts/socicon.woff":"zQDjXd6bBUQi87pRsBWVqQ==","assets/socicon/fonts/socicon.woff2":"o3w8h99EHOwP99NXAoHpOQ==","assets/formoid/formoid.min.js":"WTdAU6BjuKe3AU4yIlVc1w=="}}